,date,description,,,,,,,,,,,,,,,,
,2022-02-01,Initial Invasion and Ukrainian Counter Offensives,,,,,,,,,,,,,,,,
,2022-04-01,Russian forces retreat from northern Ukraine after failing to capture Kyiv,,,,,,,,,,,,,,,,
,2022-05-01,Mariupol falls after a prolonged siege,,,,,,,,,,,,,,,,
,2022-09-01,"Ukraine launches a successful counteroffensive in the Kharkiv region, regaining large territories",,,,,,,,,,,,,,,,
,2022-11-01,"Ukraine recaptures Kherson, marking another major territorial shift",,,,,,,,,,,,,,,,
,2023-06-01,"The war settles into a grinding attritional phase, with slow territorial changes. Data shows the frontline stabilizing with minor advances and setbacks",,,,,,,,,,,,,,,,
,2024-08-01,"Ukrainian cross-border raids into Russia’s Kursk region occurred, indicating an escalation in offensive tactics",,,,,,,,,,,,,,,,
,2025-02-01,"Ukraine’s offensive leads to temporary gains but is met with Russian counterattacks, resulting in near encirclement of Ukrainian forces",,,,,,,,,,,,,,,,
,2025-03-01,"Russia escalates missile and drone strikes on Ukraine’s energy infrastructure, while international dynamics shift as the U.S. halts intelligence sharing and peace discussions",,,,,,,,,,,,,,,,
